{
    "userInfo":{
        "frame": "{{0,0},{320,150}}",
        "anim_threshold": "0",
        "anim_begin": "0.2"
    },
    "items": [
        {
            "frame": "{{0,150},{320,160}}",
            "anim_begin": "0.2",
            "anim_threshold": "0",
            "cycle": {
                "position": "{92,92}",
                "color": "#fe6553"
            },
            "contentImage": {
                "position": "{92,82}",
                "image": "achi_phone"
            },
            "title": {
                "content": "浏览新闻",
                "textAlign": "0",
                "fontSize": "12",
                "from": "{{155,72},{150,15}}",
                "to": "{{165,72},{150,15}}"
            },
            "subTitle": {
                "textAlign": "0",
                "frame": "{{165,87},{150,35}}"
            }
        },
        {
            "frame": "{{0,300},{320,160}}",
            "anim_begin": "0.2",
            "anim_threshold": "00",
            "cycle": {
                "position": "{228,60}",
                "color": "#f6b144"
            },
            "title": {
                "textAlign": "1",
                "content": "=",
                "fontSize": "30",
                "from": "{{-20,-15},{320,30}}",
                "to": "{{0,-15},{320,30}}"
            },
            "contentImage": {
                "position": "{228,60}",
                "image": "achi_newspaper"
            },
            "subTitle": {
                "textAlign": "2",
                "frame": "{{0,36},{150,35}}"
            }
        },
        {
            "frame": "{{0,470},{320,120}}",
            "anim_begin": "0.2",
            "anim_threshold": "90",
            "cycle": {
                "position": "{92,60}",
                "color": "#1abc9c"
            },
            "contentImage": {
                "position": "{92,60}",
                "image": "achi_calendar"
            },
            "title": {
                "textAlign": "0",
                "content": "阅读时长",
                "fontSize": "12",
                "from": "{{155,37},{150,15}}",
                "to": "{{165,37},{150,15}}"
            },
            "subTitle": {
                "textAlign": "0",
                "frame": "{{165,52},{150,35}}"
            }
        },
        {
            "frame": "{{0,600},{320,160}}",
            "anim_begin": "0.2",
            "anim_threshold": "230",
            "cycle": {
                "position": "{228,60}",
                "color": "#3598db"
            },
            "title": {
                "textAlign": "1",
                "content": "=",
                "fontSize": "30",
                "from": "{{-20,-15},{320,30}}",
                "to": "{{0,-15},{320,30}}"
            },
            "contentImage": {
                "position": "{228,60}",
                "image": "achi_lianbo"
            },
            "subTitle": {
                "textAlign": "2",
                "frame": "{{0,45},{150,35}}"
            }
        }
    ],
    "readTime": {
        "frame": "{{0,750},{320,250}}",
        "anim_threshold": "320",
        "anim_begin": "0.2",
        "contentImage": {
            "position": "{160,81}",
            "image": "achi_clock"
        }
    },
    "readGene": {
        "1": [
            "{{80,58},{160,160}}"
        ],
        "2": [
            "{{41,68},{160,160}}",
            "{{171,90},{107,107}}"
        ],
        "3": [
            "{{41,58},{160,160}}",
            "{{171,90},{107,107}}",
            "{{162,208},{68,68}}"
        ],
        "4": [
            "{{41,82},{160,160}}",
            "{{171,115},{107,107}}",
            "{{165,60},{68,68}}",
            "{{171,237},{44,44}}"
        ],
        "5": [
            "{{45,82},{160,160}}",
            "{{175,115},{107,107}}",
            "{{38,254},{85,85}}",
            "{{164,203},{68,68}}",
            "{{188,75},{36,36}}"
        ],
        "6": [
            "{{53,82},{160,160}}",
            "{{182,115},{107,107}}",
            "{{45,253},{85,85}}",
            "{{170,203},{68,68}}",
            "{{30,46},{44,44}}",
            "{{197,75},{36,36}}"
        ],
        "7": [
            "{{52,77},{160,160}}",
            "{{182,115},{107,107}}",
            "{{45,253},{84,84}}",
            "{{171,203},{68,68}}",
            "{{30,38},{58,58}}",
            "{{192,66},{44,44}}",
            "{{227,271},{36,36}}"
        ],
        "frame": "{{0,1000},{320,430}}",
        "anim_begin": "0.2",
        "anim_threshold": "750",
        "colors": [
            "#f39c11",
            "#fe6553",
            "#35c87a",
            "#48608e",
            "#53c5e7",
            "#3598db",
            "#f172b4"
        ],
        "fontSize": [
            "21",
            "18",
            "14",
            "14",
            "13",
            "10",
            "10"
        ]
    }
}