{"netease_apps":[{"schema":"orpheus","title":"网易云音乐","priority":"97","imgsrc":"http://img2.cache.netease.com/m/newsapp/ci/cloudmusic.jpg","stitle":"网易云音乐 发现好音乐","ptime":"2013-03-22 15:31:56.0","url":"https://itunes.apple.com/cn/app/wang-yi-yun-yin-le/id590338362?l=ch"},{"schema":"","title":"有道翻译官","priority":"93","imgsrc":"http://img2.cache.netease.com/m/newsapp/ci/trans.jpg","stitle":"不联网也能使用的翻译助手","ptime":"2013-03-22 17:02:28.0","url":"http://itunes.apple.com/cn/app/id576337924?ls=1&mt=8"},{"schema":"movieTicket163","title":"网易电影票","priority":"90","imgsrc":"http://img5.cache.netease.com/3g/2013/2/7/201302071222467e668.png","stitle":"特价购影票，提前选好座！","ptime":"2013-02-07 12:21:03.0","url":"https://itunes.apple.com/cn/app/id583784224?mt=8"},{"schema":"newsapp","title":"网易新闻","priority":"99","imgsrc":"http://img2.cache.netease.com/m/newsapp/3.0icon.png","stitle":"有态度的新闻客户端","ptime":"2013-01-10 16:35:38.0","url":"https://itunes.apple.com/cn/app/wang-yi-xin-wen/id425349261?mt=8"},{"schema":"huatian","title":"花田","priority":"90","imgsrc":"http://img2.cache.netease.com/m/newsapp/huatian.png","stitle":"花田,我们相遇的地方","ptime":"2013-01-10 17:09:00.0","url":"https://itunes.apple.com/cn/app/id569778005"},{"schema":"","title":"网易将军令","priority":"75","imgsrc":"http://img3.cache.netease.com/m/2012/12/14/20121214165324da3dc.png","stitle":"网易帐号保护器","ptime":"2012-12-14 16:45:59.0","url":"https://itunes.apple.com/cn/app/id551581294"},{"schema":"","title":"网易印像拍","priority":"75","imgsrc":"http://img1.cache.netease.com/3g/2012/11/19/2012111917490800c45.jpg","stitle":"一站式个性化印像定制","ptime":"2012-11-19 17:48:10.0","url":"https://itunes.apple.com/cn/app/wang-yi-yin-xiang-pai/id562825232?mt=8"},{"schema":"","title":"网易同城约会","priority":"74","imgsrc":"http://img5.cache.netease.com/3g/2012/11/19/201211191840494750a.jpg","stitle":"多多了解 慢慢相爱","ptime":"2012-11-19 18:40:16.0","url":"https://itunes.apple.com/app/id517621626"},{"schema":"apper","title":"网易应用中心","priority":"97","imgsrc":"http://img2.cache.netease.com/m/newsapp/neteaseapp.png","stitle":"我的应用生活","ptime":"2012-05-25 17:14:56.0","url":"http://itunes.apple.com/app/id450133667"},{"schema":"tvguide","title":"网易电视指南","priority":"95","imgsrc":"http://img6.cache.netease.com/3g/2012/5/31/201205311804323cd62.jpg","stitle":"手机也能看电视","ptime":"2012-05-25 17:17:46.0","url":"http://itunes.apple.com/app/id480095986"},{"schema":"neteasepicr","title":"网易读图","priority":"91","imgsrc":"http://img5.cache.netease.com/3g/2012/11/9/201211091118032d99f.jpg","stitle":"用图片解读新闻","ptime":"2012-11-09 11:10:37.0","url":"https://itunes.apple.com/cn/app/wang-yi-du-tu/id572476010?mt=8"},{"schema":"neteaseaudiobooks","title":"宝贝听童话","priority":"90","imgsrc":"http://img4.cache.netease.com/3g/2012/10/11/2012101115002646451.jpg","stitle":"给孩子听最好的睡前故事","ptime":"2012-10-11 14:56:30.0","url":"http://itunes.apple.com/cn/app/bao-bei-ting-tong-hua-gei/id550396272?ls=1&mt=8"},{"schema":"","title":"网易云阅读","priority":"76","imgsrc":"http://img3.cache.netease.com/3g/2012/5/31/20120531181145acda6.jpg","stitle":"100000+好书杂志免费读","ptime":"2012-05-28 18:13:16.0","url":"http://163.fm/ZSQDg1D"},{"schema":"youdaonote","title":"有道云笔记","priority":"75","imgsrc":"http://img4.cache.netease.com/m/2012/12/14/2012121417190846a3d.png","stitle":"随时随地，记录一切","ptime":"2012-05-28 19:00:04.0","url":"http://itunes.apple.com/cn/app/id450748070?mt=8"},{"schema":"NTESCloudPhotos","title":"网易云相册","priority":"75","imgsrc":"http://img5.cache.netease.com/3g/2012/5/31/2012053118125835074.jpg","stitle":"手机拍照必备工具","ptime":"2012-05-28 18:36:34.0","url":"http://itunes.apple.com/cn/app/id451931841?mt=8"},{"schema":"yddictProapp","title":"有道词典","priority":"75","imgsrc":"http://img4.cache.netease.com/3g/2012/5/31/2012053118132926a0c.jpg","stitle":"最好用的免费全能翻译软件","ptime":"2012-05-28 18:23:20.0","url":"http://itunes.apple.com/cn/app/id353115739?mt=8"},{"schema":"ntesopen","title":"网易公开课","priority":"75","imgsrc":"http://img6.cache.netease.com/3g/2012/5/31/20120531180553748f9.jpg","stitle":"随时随地上名校公开课","ptime":"2012-05-28 18:01:14.0","url":"http://itunes.apple.com/cn/app/id415424368?mt=8"},{"schema":"","title":"iStyle","priority":"74","imgsrc":"http://img4.cache.netease.com/3g/2012/6/13/20120613103037c3132.jpg","stitle":"网易旗下真人搭配社区","ptime":"2012-06-13 10:25:17.0","url":"http://itunes.apple.com/cn/app/istyle/id532020922?ls=1&mt=8"},{"schema":"ntesyouhui","title":"白吃白喝(乐得惠)","priority":"74","imgsrc":"http://img6.cache.netease.com/3g/2012/5/31/201205311801194ce31.jpg","stitle":"各种省钱各种白拿，很简单！","ptime":"2012-05-28 18:33:40.0","url":"http://itunes.apple.com/cn/app//id485728458?mt=8"},{"schema":"microblogging","title":"网易微博","priority":"74","imgsrc":"http://img4.cache.netease.com/3g/2012/5/31/201205311810294b25f.jpg","stitle":"有态度的微博","ptime":"2012-05-28 18:18:33.0","url":"http://itunes.apple.com/cn/app/163/id383629309?mt=8"}]}