{"headline":[{"name":"默认","slogan":"年度态度人物票选盛大开启","img":"http://img4.cache.netease.com/m/app/201410/16/C124AF1D.png"}],"blue":{"link":"http://v.media.163.com/list/2014/10/5/Q/VA7P4P85Q.html","img":"http://img4.cache.netease.com/m/app/201410/15/C0UIHMRJ.png"},"green":{"link":"http://3g.163.com/links/5577","img":"http://img4.cache.netease.com/m/app/201410/15/C0UIHP3G.png"},"orange":{"link":"http://3g.163.com/links/5578","img":"http://img4.cache.netease.com/m/app/201410/15/C0UIHRF8.png"}}