{
    "edgeInsets" : "{0.0,8.0,8.0,8.0}",
    "layouts" : [
    
                 {
                 "identifier" : "layout1",
                 "hasSubtitle" : [1, 1, 1, 0, 0, 0, 0, 0, 0, 0],
                    "titleSize" : [30, 30, 26, 18, 14, 22, 18, 14, 14, 14],
                    "priority" : [1, 1, 1, 3, 4, 2, 2, 4, 4, 3],
                     "colors" : ["#BF524C","#BF524C","#458899","#458899","#458899","#458899", "#B37850","#B37850","#B37850","#B37850"],
                     "nightColors" : ["#702C27","#742D28","#1F4D59","#1F4D59","#1F4D59","#1F4D59", "#704121","#704121","#704121","#704121"],
                 "frames" : [
                       "{{0,0},{1.0,0.2}}",
                       "{{0,0.2},{1.0,0.2}}",
                       "{{0,0.4},{0.618,0.26}}", "{{0.618,0.4},{0.382,0.15}}", "{{0.618,0.55},{0.382,0.11}}",
                       "{{0,0.66},{0.618,0.2}}", "{{0.618,0.66},{0.382,0.2}}",
                       "{{0,0.86},{0.309,0.14}}", "{{0.309,0.86},{0.309,0.14}}", "{{0.618,0.86},{0.382,0.14}}"
                     ]
                 },
    
                 {
                 "identifier" : "layout2",
                 "hasSubtitle" : [1, 0, 1, 0, 0, 0, 0, 0, 0, 0],
                 "titleSize" : [30, 22, 30, 24, 22, 22, 18, 14, 14, 14],
                 "priority" : [1, 2, 1, 2, 2, 2, 3, 3, 3, 4],
                 "colors" : ["#BF524C","#BF524C","#BF524C","#458899","#458899","#458899", "#B37850","#B37850","#B37850","#B37850"],
                 "nightColors" : ["#702C27","#702C27","#1F4D59","#1F4D59","#1F4D59","#704121", "#1F4D59","#704121","#704121","#704121"],
                 "frames" : [
                             "{{0,0},{0.618,0.26}}","{{0.618,0},{0.382,0.26}}",
                             "{{0,0.26},{1.0,0.2}}",
                             "{{0,0.46},{0.618,0.24}}", "{{0.618,0.46},{0.382,0.27}}",
                             "{{0,0.7},{0.618,0.15}}", "{{0.618,0.73},{0.382,0.15}}",
                             "{{0,0.85},{0.309,0.15}}", "{{0.309,0.85},{0.309,0.15}}", "{{0.618,0.88},{0.382,0.12}}"
                             ]
                 },
                 
                 {
                 "identifier" : "layout3",
                 "hasSubtitle" : [1, 1, 0, 0, 0, 0, 0, 0, 0, 0],
                 "titleSize" : [30, 30, 22, 24, 18, 18, 18, 18, 14, 14],
                 "priority" : [1, 1, 2, 2, 3, 3, 3, 3, 4, 4],
                 "colors" : ["#BF524C","#BF524C","#458899","#458899","#458899","#B37850", "#B37850","#B37850","#B37850","#B37850"],
                 "nightColors" : ["#702C27","#702C27","#1F4D59","#1F4D59","#1F4D59","#1F4D59", "#704121","#704121","#704121","#704121"],
                 "frames" : [
                             "{{0,0},{1.0,0.2}}",
                             "{{0,0.2},{0.618,0.26}}", "{{0.618,0.2},{0.382,0.29}}",
                             "{{0.0,0.46},{0.618,0.23}}", "{{0.618,0.49},{0.382,0.20}}",
                             "{{0,0.69},{0.309,0.2}}", "{{0.309,0.69},{0.309,0.2}}", "{{0.618,0.69},{0.382,0.2}}",
                             "{{0,0.89},{0.618,0.11}}", "{{0.618,0.89},{0.382,0.11}}"
                             ]
                 }

                 ]
}