[{"tList":[{"template":"manual","topicid":"003406E3","hasCover":false,"alias":"Top News","subnum":"4万","recommendOrder":0,"isNew":0,"img":"T1348647853363","isHot":0,"hasIcon":true,"cid":"C1348646712614","recommend":"0","headLine":true,"color":"","bannerOrder":0,"tname":"头条","ename":"iosnews","showType":"comment","tid":"T1348647853363"}],"cName":"头条","cid":"C1348646712614"},{"tList":[{"template":"manual","topicid":"000106SD","hasCover":false,"alias":"Region","subnum":"100","recommendOrder":0,"isNew":0,"img":"T1348648037603","isHot":0,"hasIcon":true,"cid":"C1348647991705","recommend":"1","headLine":false,"color":"","bannerOrder":0,"tname":"社会","ename":"shehui","showType":"comment","tid":"T1348648037603"},{"template":"manual","topicid":"00340B7E","hasCover":false,"alias":"History","subnum":"22.8万","recommendOrder":0,"isNew":0,"img":"T1374806775273","isHot":0,"hasIcon":true,"cid":"C1348647991705","recommend":"1","headLine":false,"color":"","bannerOrder":0,"tname":"历史","ename":"lishi","showType":"comment","tid":"T1368497029546"},{"template":"normal1","topicid":"00010AKH","hasCover":false,"alias":"Military","subnum":"4.7万","recommendOrder":0,"isNew":0,"img":"T1348648141035","isHot":0,"hasIcon":true,"cid":"C1348647991705","recommend":"1","headLine":false,"color":"","bannerOrder":0,"tname":"军事","ename":"junshi","showType":"comment","tid":"T1348648141035"}],"cName":"新闻","cid":"C1348647991705"},{"tList":[{"template":"manual","topicid":"003406OT","hasCover":false,"alias":"Entertainment","subnum":"7.3万","recommendOrder":0,"isNew":0,"img":"T1348648517839","isHot":0,"hasIcon":true,"cid":"C1348648351901","recommend":"1","headLine":false,"color":"","bannerOrder":0,"tname":"娱乐","ename":"yule","showType":"comment","tid":"T1348648517839"},{"template":"manual","topicid":"000302QQ","hasCover":false,"alias":"MOVIE","subnum":"201.4万","recommendOrder":0,"isNew":0,"img":"T1348648650048","isHot":0,"hasIcon":true,"cid":"C1348648351901","recommend":"0","headLine":false,"color":"","bannerOrder":0,"tname":"电影","ename":"dianying","showType":"comment","tid":"T1348648650048"}],"cName":"娱乐","cid":"C1348648351901"},{"tList":[{"template":"manual","topicid":"003406OS","hasCover":false,"alias":"Business","subnum":"7.1万","recommendOrder":0,"isNew":0,"img":"T1348648756099","isHot":0,"hasIcon":true,"cid":"C1348648727071","recommend":"1","headLine":false,"color":"","bannerOrder":0,"tname":"财经","ename":"caijing","showType":"comment","tid":"T1348648756099"},{"template":"normal1","topicid":"00050A9B;00050A9D;00050A9C","hasCover":false,"alias":"Lottery","subnum":"9527","recommendOrder":0,"isNew":0,"img":"","isHot":0,"hasIcon":false,"cid":"C1348648727071","recommend":"0","headLine":false,"color":"","bannerOrder":0,"tname":"彩票","ename":"caipiao","showType":"comment","tid":"T1356600029035"}],"cName":"财经","cid":"C1348648727071"},{"tList":[{"template":"manual","topicid":"003406OR","hasCover":false,"alias":"Sports","subnum":"5.6万","recommendOrder":0,"isNew":0,"img":"T1348649079062","isHot":0,"hasIcon":true,"cid":"C1348649048655","recommend":"1","headLine":false,"color":"","bannerOrder":0,"tname":"体育","ename":"tiyu","showType":"comment","tid":"T1348649079062"},{"template":"manual","topicid":"000503RV","hasCover":false,"alias":"NBA","subnum":"1.7万","recommendOrder":0,"isNew":0,"img":"T1348649145984","isHot":0,"hasIcon":true,"cid":"C1348649048655","recommend":"1","headLine":false,"color":"","bannerOrder":70,"tname":"NBA","ename":"NBA","showType":"comment","tid":"T1348649145984"},{"template":"manual","topicid":"00050AL1","hasCover":false,"alias":"Chinese Super League","subnum":"1万","recommendOrder":0,"isNew":0,"img":"T1348649503389","isHot":0,"hasIcon":true,"cid":"C1348649048655","recommend":"1","headLine":false,"color":"","bannerOrder":0,"tname":"中国足球","ename":"zhongchao","showType":"comment","tid":"T1348649503389"},{"template":"manual","topicid":"000504OB","hasCover":false,"alias":"Soccer","subnum":"1.5万","recommendOrder":0,"isNew":0,"img":"T1348649176279","isHot":0,"hasIcon":true,"cid":"C1348649048655","recommend":"0","headLine":false,"color":"","bannerOrder":0,"tname":"国际足球","ename":"zuqiu","showType":"comment","tid":"T1348649176279"},{"template":"normal1","topicid":"000503S9","hasCover":false,"alias":"CBA","subnum":"5550","recommendOrder":0,"isNew":0,"img":"T1348649475931","isHot":0,"hasIcon":true,"cid":"C1348649048655","recommend":"0","headLine":false,"color":"","bannerOrder":0,"tname":"CBA","ename":"CBA","showType":"comment","tid":"T1348649475931"}],"cName":"体育","cid":"C1348649048655"},{"tList":[{"template":"manual","topicid":"003406OU","hasCover":false,"alias":"Tech","subnum":"10.5万","recommendOrder":0,"isNew":0,"img":"T1348649580692","isHot":0,"hasIcon":true,"cid":"C1348649554552","recommend":"1","headLine":false,"color":"","bannerOrder":0,"tname":"科技","ename":"keji","showType":"comment","tid":"T1348649580692"},{"template":"manual","topicid":"00110BK0","hasCover":false,"alias":"Mobiles","subnum":"7.6万","recommendOrder":0,"isNew":0,"img":"T1348649654285","isHot":0,"hasIcon":true,"cid":"C1348649554552","recommend":"0","headLine":false,"color":"","bannerOrder":0,"tname":"手机","ename":"shouji","showType":"comment","tid":"T1348649654285"},{"template":"manual","topicid":"00160D0O","hasCover":false,"alias":"Digitals","subnum":"6.2万","recommendOrder":0,"isNew":0,"img":"T1348649776727","isHot":0,"hasIcon":true,"cid":"C1348649554552","recommend":"0","headLine":false,"color":"","bannerOrder":0,"tname":"数码","ename":"shuma","showType":"comment","tid":"T1348649776727"},{"template":"normal1","topicid":"001109KS","hasCover":false,"alias":"Mobile Web","subnum":"4.3万","recommendOrder":0,"isNew":0,"img":"T1351233117091","isHot":0,"hasIcon":true,"cid":"C1348649554552","recommend":"0","headLine":false,"color":"","bannerOrder":0,"tname":"移动互联","ename":"yidonghulianwang","showType":"comment","tid":"T1351233117091"}],"cName":"科技","cid":"C1348649554552"},{"tList":[{"template":"manual","topicid":"003409RR","hasCover":false,"alias":"FUNNY MOMENT","subnum":"596.2万","recommendOrder":0,"isNew":0,"img":"T1350383429665","isHot":1,"hasIcon":true,"cid":"C1348654575297","recommend":"0","headLine":false,"color":"","bannerOrder":100,"tname":"轻松一刻","ename":"qingsongyike","showType":"comment","tid":"T1350383429665"},{"template":"manual","topicid":"00340B80","hasCover":false,"alias":"Original","subnum":"5.6万","recommendOrder":0,"isNew":0,"img":"","isHot":0,"hasIcon":false,"cid":"C1348654575297","recommend":"1","headLine":false,"color":"","bannerOrder":0,"tname":"原创","ename":"yuanchuang","showType":"comment","tid":"T1367050859308"},{"template":"manual","topicid":"00040BGE","hasCover":false,"alias":"The Truth","subnum":"4.7万","recommendOrder":0,"isNew":0,"img":"http://img2.cache.netease.com/m/newsapp/banner/zhenhua.png","isHot":0,"hasIcon":true,"cid":"C1348654575297","recommend":"0","headLine":false,"color":"","bannerOrder":105,"tname":"精选","ename":"zhenhua","showType":"comment","tid":"T1370583240249"}],"cName":"原创","cid":"C1348654575297"},{"tList":[{"template":"manual","topicid":"00080BAT","hasCover":false,"alias":"Autos","subnum":"7万","recommendOrder":0,"isNew":0,"img":"T1348654060988","isHot":0,"hasIcon":true,"cid":"C1348652751993","recommend":"1","headLine":false,"color":"","bannerOrder":0,"tname":"汽车","ename":"qiche","showType":"comment","tid":"T1348654060988"},{"template":"manual","topicid":"00870B7P","hasCover":false,"alias":"Real Estate","subnum":"5.8万","recommendOrder":0,"isNew":0,"img":"T1348654085632","isHot":0,"hasIcon":true,"cid":"C1348652751993","recommend":"1","headLine":false,"color":"","bannerOrder":0,"tname":"房产","ename":"fangchan","showType":"comment","tid":"T1348654085632"},{"template":"manual","topicid":"0010097N","hasCover":false,"alias":"Design & Decor","subnum":"2.1万","recommendOrder":0,"isNew":0,"img":"T1348654105308","isHot":0,"hasIcon":true,"cid":"C1348652751993","recommend":"0","headLine":false,"color":"","bannerOrder":0,"tname":"家居","ename":"jiaju","showType":"comment","tid":"T1348654105308"},{"template":"manual","topicid":"00310B4B","hasCover":false,"alias":"Games","subnum":"1.9万","recommendOrder":0,"isNew":0,"img":"T1348654151579","isHot":0,"hasIcon":true,"cid":"C1348652751993","recommend":"0","headLine":false,"color":"","bannerOrder":0,"tname":"游戏","ename":"youxi","showType":"comment","tid":"T1348654151579"},{"template":"manual","topicid":"00210H4E","hasCover":false,"alias":"Book","subnum":"1.6万","recommendOrder":0,"isNew":1,"img":"","isHot":0,"hasIcon":false,"cid":"C1348652751993","recommend":"0","headLine":false,"color":"","bannerOrder":0,"tname":"读书","ename":"dushu","showType":"comment","tid":"T1401272877187"},{"template":"manual","topicid":"00290D11","hasCover":false,"alias":"Education","subnum":"1.8万","recommendOrder":0,"isNew":0,"img":"T1348654225495","isHot":0,"hasIcon":true,"cid":"C1348652751993","recommend":"0","headLine":false,"color":"","bannerOrder":0,"tname":"教育","ename":"jiaoyu","showType":"comment","tid":"T1348654225495"},{"template":"manual","topicid":"000606PC","hasCover":false,"alias":"Travel","subnum":"2.5万","recommendOrder":0,"isNew":0,"img":"T1348654204705","isHot":0,"hasIcon":true,"cid":"C1348652751993","recommend":"0","headLine":false,"color":"","bannerOrder":0,"tname":"旅游","ename":"lvyou","showType":"comment","tid":"T1348654204705"},{"template":"manual","topicid":"00820DOS","hasCover":false,"alias":"Drinks","subnum":"9438","recommendOrder":0,"isNew":0,"img":"","isHot":0,"hasIcon":false,"cid":"C1348652751993","recommend":"0","headLine":false,"color":"","bannerOrder":0,"tname":"酒香","ename":"jiuxiang","showType":"comment","tid":"T1385429690972"},{"template":"manual","topicid":"00310GST","hasCover":false,"alias":"Blizzard","subnum":"1.3万","recommendOrder":0,"isNew":0,"img":"","isHot":0,"hasIcon":false,"cid":"C1348652751993","recommend":"0","headLine":false,"color":"","bannerOrder":0,"tname":"暴雪游戏","ename":"baoxue","showType":"comment","tid":"T1397016069906"},{"template":"manual","topicid":"00360EO7","hasCover":false,"alias":"Baby","subnum":"1.4万","recommendOrder":0,"isNew":0,"img":"","isHot":0,"hasIcon":false,"cid":"C1348652751993","recommend":"0","headLine":false,"color":"","bannerOrder":0,"tname":"亲子","ename":"qinzi","showType":"comment","tid":"T1397116135282"},{"template":"manual","topicid":"00960GEK","hasCover":false,"alias":"Wine","subnum":"3765","recommendOrder":0,"isNew":1,"img":"","isHot":0,"hasIcon":false,"cid":"C1348652751993","recommend":"0","headLine":false,"color":"","bannerOrder":0,"tname":"葡萄酒","ename":"putaojiu","showType":"comment","tid":"T1402031665628"}],"cName":"生活","cid":"C1348652751993"},{"tList":[{"template":"manual","topicid":"00260ASP","hasCover":false,"alias":"Women","subnum":"6.6万","recommendOrder":0,"isNew":0,"img":"T1348650593803","isHot":0,"hasIcon":true,"cid":"C1348650356377","recommend":"1","headLine":false,"color":"","bannerOrder":0,"tname":"时尚","ename":"nvren","showType":"comment","tid":"T1348650593803"},{"template":"normal1","topicid":"002602N6;00260A3G;00260INN;00260INO","hasCover":false,"alias":"Emotion","subnum":"3.7万","recommendOrder":0,"isNew":0,"img":"T1348650839000","isHot":0,"hasIcon":true,"cid":"C1348650356377","recommend":"1","headLine":false,"color":"","bannerOrder":0,"tname":"情感","ename":"qinggan","showType":"comment","tid":"T1348650839000"}],"cName":"女人","cid":"C1348650356377"}]